{
  "attack_params": {
    "Argentina": 1.856827843467976,
    "Australia": 1.5854784827284765,
    "Belgium": 2.195488886404893,
    "Brazil": 0.9592104050804459,
    "Cameroon": 0.2516935501307442,
    "Canada": 0.14011818206200594,
    "Colombia": 1.6032215394267864,
    "Costa Rica": 0.48913530789688603,
    "Croatia": 2.100696644064226,
    "Denmark": 1.103761161680367,
    "Ecuador": 0.2884677967031519,
    "Egypt": 0.5303064438979302,
    "England": 1.7522091656096683,
    "France": 3.042712151845038,
    "Germany": 0.43263659651022585,
    "Ghana": 0.3185273676291124,
    "Iceland": 0.671294923996444,
    "Iran": 0.5306298199962323,
    "Japan": 2.0392799213837915,
    "Mexico": 0.5559870034740121,
    "Morocco": 0.6110092538255496,
    "Netherlands": 0.6639761296228361,
    "Nigeria": 0.9584268827911573,
    "Panama": 0.6859791921691294,
    "Peru": 1.1336911375227439,
    "Poland": 0.754145698210639,
    "Portugal": 1.8481576812187448,
    "Qatar": 0.12170848607380155,
    "Russia": 1.4720776918435021,
    "Saudi Arabia": 0.5869885229958897,
    "Senegal": 1.5056555213863412,
    "Serbia": 0.43646994286661983,
    "South Korea": 0.5861579641982749,
    "Spain": 1.7011199679107827,
    "Sweden": 0.7082894200442981,
    "Switzerland": 0.9451234860259327,
    "Tunisia": 1.556535866390062,
    "USA": 0.21958065248430308,
    "Uruguay": 0.935514822357173,
    "Wales": 0.12170848607380155
  },
  "defense_params": {
    "Argentina": 1.302570603590947,
    "Australia": 0.9278317175806498,
    "Belgium": 0.5113611160966194,
    "Brazil": 0.6337080779982667,
    "Cameroon": 0.2791404929222657,
    "Canada": 0.41405210261561126,
    "Colombia": 0.49820783871870794,
    "Costa Rica": 2.0567654841283822,
    "Croatia": 0.7296792968781887,
    "Denmark": 0.2501187768601462,
    "Ecuador": 0.21204194796024262,
    "Egypt": 1.9380466767751925,
    "England": 0.6283852108178296,
    "France": 0.5564870103032559,
    "Germany": 2.0341655064212225,
    "Ghana": 0.45446232719244745,
    "Iceland": 0.9965861883191729,
    "Iran": 0.4871474576273935,
    "Japan": 1.1344660647262466,
    "Mexico": 2.1692009111542485,
    "Morocco": 0.9413811414659565,
    "Netherlands": 0.2549658921174968,
    "Nigeria": 0.8456658832255641,
    "Panama": 1.9623592572175934,
    "Peru": 0.3428634066339453,
    "Poland": 0.9807475587227744,
    "Portugal": 1.569088686612807,
    "Qatar": 0.47824636304997675,
    "Russia": 1.0074230574910163,
    "Saudi Arabia": 2.297118470738301,
    "Senegal": 0.8976742709023874,
    "Serbia": 1.6464654625872073,
    "South Korea": 1.6741225361037482,
    "Spain": 1.3247953759851883,
    "Sweden": 0.9433087561100219,
    "Switzerland": 1.8640027040623333,
    "Tunisia": 1.6747211563850783,
    "USA": 0.2679599621361902,
    "Uruguay": 0.40205561041686405,
    "Wales": 0.41060963934851624
  },
  "home_advantage": 0.1,
  "rho": 0.09303832135423092,
  "trained_at": "2026-04-21T12:55:25.637456+00:00"
}