{
  "is_fitted": true,
  "fitted_at": "2026-06-25T03:32:41.690462+00:00",
  "training_sample_count": 17,
  "expected_calibration_error": 0.0,
  "calibrators": {
    "home_win": {
      "x_thresholds": [
        0.5,
        0.6585
      ],
      "y_thresholds": [
        0.466667,
        0.5
      ]
    },
    "draw": {
      "x_thresholds": [
        0.2455,
        0.25
      ],
      "y_thresholds": [
        0.125,
        0.555556
      ]
    },
    "away_win": {
      "x_thresholds": [
        0.106,
        0.113,
        0.25,
        0.25,
        0.25,
        0.25,
        0.25,
        0.25,
        0.25,
        0.25
      ],
      "y_thresholds": [
        0.0,
        0.0,
        0.0,
        0.0,
        0.0,
        0.0,
        0.0,
        0.142857,
        0.5,
        1.0
      ]
    }
  }
}