{
  "is_fitted": true,
  "fitted_at": "2026-06-23T07:49:01.218112+00:00",
  "training_sample_count": 21,
  "expected_calibration_error": 0.15752765752765752,
  "calibrators": {
    "home_win": {
      "x_thresholds": [
        0.005042419564866689,
        0.10279834528107906,
        0.17477305210710115,
        0.29998219660755976,
        0.3207381100979324,
        0.7645351702084315
      ],
      "y_thresholds": [
        0.0,
        0.0,
        0.5,
        0.5,
        0.6666666666666666,
        0.6666666666666666
      ]
    },
    "draw": {
      "x_thresholds": [
        0.0948866761921752,
        0.21954576565836256,
        0.22666668598841327,
        0.6750000770732162
      ],
      "y_thresholds": [
        0.0,
        0.0,
        0.09090909090909091,
        0.09090909090909091
      ]
    },
    "away_win": {
      "x_thresholds": [
        0.004739265296874262,
        0.3226968616754526,
        0.3297430544231945,
        0.581076292199421,
        0.8752551088405404,
        0.9000709042429581
      ],
      "y_thresholds": [
        0.36363636363636365,
        0.36363636363636365,
        0.375,
        0.375,
        1.0,
        1.0
      ]
    }
  }
}