{
  "is_fitted": true,
  "fitted_at": "2026-06-18T10:42:46.893014+00:00",
  "training_sample_count": 16,
  "expected_calibration_error": 0.4346,
  "calibrators": {
    "home_win": {
      "x_thresholds": [
        0.005042419564866689,
        0.10279834528107906,
        0.17477305210710115,
        0.7645351702084315
      ],
      "y_thresholds": [
        0.0,
        0.0,
        0.5,
        0.5
      ]
    },
    "draw": {
      "x_thresholds": [
        0.0948866761921752,
        0.21276110988216165,
        0.22666668598841327,
        0.6750000770732162
      ],
      "y_thresholds": [
        0.0,
        0.0,
        0.1111111111111111,
        0.1111111111111111
      ]
    },
    "away_win": {
      "x_thresholds": [
        0.004739265296874262,
        0.581076292199421,
        0.8752551088405404,
        0.9000709042429581
      ],
      "y_thresholds": [
        0.5,
        0.5,
        1.0,
        1.0
      ]
    }
  }
}