{
  "is_fitted": true,
  "fitted_at": "2026-06-25T09:50:26.295575+00:00",
  "training_sample_count": 69,
  "expected_calibration_error": 0.052319,
  "calibrators": {
    "home_win": {
      "x_thresholds": [
        0.005042,
        0.008965,
        0.064564,
        0.102798,
        0.145,
        0.218199,
        0.388509,
        0.486849,
        0.510993,
        0.5174,
        0.545231,
        0.654459,
        0.748625
      ],
      "y_thresholds": [
        0.0,
        0.0,
        0.0,
        0.0,
        0.0,
        0.25,
        0.444444,
        0.5,
        0.5,
        0.5,
        0.5,
        0.5,
        0.666667
      ]
    },
    "draw": {
      "x_thresholds": [
        0.0,
        0.087652,
        0.218941,
        0.289575,
        0.419179
      ],
      "y_thresholds": [
        0.0,
        0.166667,
        0.195652,
        0.2,
        0.454545
      ]
    },
    "away_win": {
      "x_thresholds": [
        0.197575,
        0.391061,
        0.537886,
        0.637,
        0.705882,
        0.799945,
        0.875255,
        0.900071
      ],
      "y_thresholds": [
        0.228571,
        0.318182,
        0.571429,
        1.0,
        1.0,
        1.0,
        1.0,
        1.0
      ]
    }
  }
}