{
  "is_fitted": true,
  "fitted_at": "2026-06-25T04:19:39.784773+00:00",
  "training_sample_count": 17,
  "expected_calibration_error": 0.120353,
  "calibrators": {
    "home_win": {
      "x_thresholds": [
        0.1929,
        0.314892,
        0.429829,
        0.543358
      ],
      "y_thresholds": [
        0.0,
        0.0,
        0.333333,
        0.583333
      ]
    },
    "draw": {
      "x_thresholds": [
        0.244432,
        0.3028,
        0.331208,
        0.3513
      ],
      "y_thresholds": [
        0.214286,
        1.0,
        1.0,
        1.0
      ]
    },
    "away_win": {
      "x_thresholds": [
        0.106,
        0.113,
        0.149555,
        0.2341,
        0.25,
        0.25,
        0.25,
        0.25,
        0.25,
        0.325361,
        0.705882
      ],
      "y_thresholds": [
        0.0,
        0.0,
        0.0,
        0.0,
        0.0,
        0.0,
        0.0,
        0.0,
        0.0,
        0.285714,
        1.0
      ]
    }
  }
}