{
  "Abkhazia": 1552.1025352152608,
  "Afghanistan": 1406.2089990869536,
  "Albania": 1508.5057507352665,
  "Alderney": 1383.1035798627804,
  "Algeria": 1734.6222485043738,
  "American Samoa": 1399.093458821415,
  "Andorra": 1210.7585288164598,
  "Angola": 1539.6766227225423,
  "Anguilla": 1310.742463441195,
  "Antigua and Barbuda": 1355.4060329253273,
  "Argentina": 1820.2399467158796,
  "Armenia": 1363.4629728468612,
  "Artsakh": 1508.6254236423615,
  "Aruba": 1410.910229644248,
  "Australia": 1697.4506350915844,
  "Austria": 1658.1716136283192,
  "Aymara": 1480.2050085049837,
  "Azerbaijan": 1361.3588200195263,
  "Bahamas": 1301.3074535713013,
  "Bahrain": 1505.343933599181,
  "Bangladesh": 1360.2502987137705,
  "Barawa": 1424.697270741147,
  "Barbados": 1347.805356304911,
  "Basque Country": 1545.9739355662377,
  "Belarus": 1446.9894123065978,
  "Belgium": 1727.8481443056419,
  "Belize": 1423.9196060494783,
  "Benin": 1519.840900794091,
  "Bermuda": 1413.1004666692984,
  "Bhutan": 1281.136161390915,
  "Biafra": 1508.1115215501552,
  "Bolivia": 1475.9891900243524,
  "Bonaire": 1407.8035959837528,
  "Bosnia and Herzegovina": 1485.5641561817256,
  "Botswana": 1444.7298297564341,
  "Brazil": 1753.7584426963238,
  "British Virgin Islands": 1368.379239810546,
  "Brunei": 1338.0613217812445,
  "Bulgaria": 1446.6735012738075,
  "Burkina Faso": 1634.9593575317433,
  "Burundi": 1436.1317576399576,
  "Cambodia": 1313.711024390556,
  "Cameroon": 1639.1319772827633,
  "Canada": 1669.124250540485,
  "Cape Verde": 1597.7873086989207,
  "Cascadia": 1526.8001410460092,
  "Catalonia": 1494.3932716384274,
  "Cayman Islands": 1384.0696118595013,
  "Central African Republic": 1418.1130999292864,
  "Chad": 1365.9868767506562,
  "Chagos Islands": 1426.122214498784,
  "Chameria": 1517.4980754798146,
  "Chile": 1562.4450687305339,
  "China PR": 1498.387458582967,
  "Colombia": 1732.5542314562288,
  "Comoros": 1477.0481951668887,
  "Congo": 1399.3221480923116,
  "Cook Islands": 1450.930131801317,
  "Corsica": 1502.8749497432661,
  "Costa Rica": 1595.6736153025968,
  "County of Nice": 1519.6594239992737,
  "Croatia": 1714.7846233041087,
  "Cuba": 1463.6414172524178,
  "Curacao": 1517.2903843134854,
  "Cyprus": 1320.18195888088,
  "Czech Republic": 1598.4135495056287,
  "DR Congo": 1640.7481296835165,
  "Denmark": 1672.985948779715,
  "Djibouti": 1327.0757129104916,
  "Dominica": 1397.3849411292433,
  "Dominican Republic": 1499.1202169646917,
  "Donetsk PR": 1507.738828986068,
  "Délvidék": 1492.9643654149813,
  "East Turkestan": 1504.131270248202,
  "Ecuador": 1697.021415362675,
  "Egypt": 1697.1124423855294,
  "El Salvador": 1482.5536333380844,
  "Elba Island": 1506.2275718961098,
  "Ellan Vannin": 1515.1753073054201,
  "England": 1742.6235125429407,
  "Equatorial Guinea": 1472.746806353304,
  "Eritrea": 1459.3148632556788,
  "Estonia": 1369.9949416394752,
  "Eswatini": 1400.0058813435169,
  "Ethiopia": 1419.418459143871,
  "Falkland Islands": 1416.1237842809787,
  "Faroe Islands": 1365.2523839593619,
  "Felvidék": 1514.760865205956,
  "Fiji": 1489.2461022040327,
  "Finland": 1471.8595675379881,
  "France": 1832.4736868044213,
  "Franconia": 1505.1084794858023,
  "French Guiana": 1487.7859065770065,
  "Frøya": 1429.587241658548,
  "Gabon": 1515.4349230881626,
  "Galicia": 1486.613057819272,
  "Gambia": 1515.3896292192221,
  "Georgia": 1526.4806246051196,
  "Germany": 1718.9535238835292,
  "Ghana": 1560.28747660448,
  "Gibraltar": 1189.9493175495898,
  "Gotland": 1454.6739023580856,
  "Gozo": 1498.813897377398,
  "Greece": 1589.4788299136856,
  "Greenland": 1521.436412902047,
  "Grenada": 1388.8102763165743,
  "Guadeloupe": 1517.561575809011,
  "Guam": 1364.2778514034503,
  "Guatemala": 1552.2208954751761,
  "Guernsey": 1561.4730603147757,
  "Guinea": 1534.376878728465,
  "Guinea-Bissau": 1432.8359697970543,
  "Guyana": 1513.7181914606408,
  "Haiti": 1580.4123151445951,
  "Hitra": 1471.9144783828249,
  "Hmong": 1493.2123382881502,
  "Honduras": 1558.923716343471,
  "Hong Kong": 1442.935774449189,
  "Hungary": 1572.387210376118,
  "Iceland": 1497.6880512416246,
  "India": 1404.5273056731255,
  "Indonesia": 1475.8513213322578,
  "Iran": 1728.9557850039325,
  "Iraq": 1646.5774970075222,
  "Iraqi Kurdistan": 1515.3367853430143,
  "Isle of Man": 1598.2104416520403,
  "Isle of Wight": 1532.0158832666018,
  "Israel": 1495.2669370696356,
  "Italy": 1708.648755230766,
  "Ivory Coast": 1673.0742824088168,
  "Jamaica": 1594.9805700246184,
  "Japan": 1756.0765081545314,
  "Jersey": 1641.8937727916298,
  "Jordan": 1630.1835872276456,
  "Kabylia": 1492.7670435008174,
  "Kazakhstan": 1413.632630531229,
  "Kenya": 1500.3377105127072,
  "Kernow": 1512.091652022177,
  "Kosovo": 1542.4599297605791,
  "Kuwait": 1462.3720703809934,
  "Kyrgyzstan": 1463.8202613835797,
  "Kárpátalja": 1544.0354315786337,
  "Laos": 1286.7695465068475,
  "Latvia": 1324.8142049111277,
  "Lebanon": 1493.976531241077,
  "Lesotho": 1420.3538067862514,
  "Liberia": 1415.2535786408814,
  "Libya": 1520.347051932133,
  "Liechtenstein": 1162.533303246617,
  "Lithuania": 1298.1895516009204,
  "Luhansk PR": 1495.6942371593366,
  "Luxembourg": 1359.8163538543965,
  "Macau": 1318.0374630103001,
  "Madagascar": 1493.2434522979536,
  "Malawi": 1469.6773173212073,
  "Malaysia": 1549.0822842420484,
  "Maldives": 1351.1333420849696,
  "Mali": 1641.8889590703411,
  "Malta": 1316.5294273138716,
  "Mapuche": 1494.7403219249172,
  "Marshall Islands": 1473.0308430287446,
  "Martinique": 1460.5212689485259,
  "Matabeleland": 1510.9842018726092,
  "Maule Sur": 1525.0546695700991,
  "Mauritania": 1453.8994284166806,
  "Mauritius": 1355.7358751284141,
  "Mayotte": 1529.7800541807048,
  "Menorca": 1501.2631919059597,
  "Mexico": 1684.0590768663992,
  "Moldova": 1298.6948411945186,
  "Monaco": 1502.8012999960577,
  "Mongolia": 1351.3841235117957,
  "Montenegro": 1410.4046796497908,
  "Montserrat": 1429.7878702860955,
  "Morocco": 1774.7991865656218,
  "Mozambique": 1494.3964115989338,
  "Myanmar": 1343.0008723757937,
  "Namibia": 1451.6369053889473,
  "Nepal": 1368.445522436124,
  "Netherlands": 1722.7087841376988,
  "New Caledonia": 1552.0604968659843,
  "New Zealand": 1567.9056723699848,
  "Nicaragua": 1490.2962795536146,
  "Niger": 1443.2600590240634,
  "Nigeria": 1697.124975142148,
  "North Korea": 1506.0633849253945,
  "North Macedonia": 1505.6038778989675,
  "Northern Cyprus": 1560.9610742737557,
  "Northern Ireland": 1487.018736690666,
  "Northern Mariana Islands": 1433.0835731205714,
  "Norway": 1643.3575954912903,
  "Oman": 1576.110135205654,
  "Orkney": 1491.723619730985,
  "Padania": 1549.6375056267625,
  "Pakistan": 1344.3651337591223,
  "Palestine": 1522.3569653428322,
  "Panama": 1648.2378521658686,
  "Panjab": 1527.3989884874695,
  "Papua New Guinea": 1501.9585532213418,
  "Paraguay": 1607.590810896097,
  "Parishes of Jersey": 1506.5393715392293,
  "Peru": 1534.7094573354377,
  "Philippines": 1451.4590219250595,
  "Poland": 1577.0668889857197,
  "Portugal": 1756.337171688197,
  "Puerto Rico": 1477.869819696656,
  "Qatar": 1520.254617563853,
  "Raetia": 1478.5470913830136,
  "Republic of Ireland": 1544.6312456057808,
  "Romani people": 1474.7497203910716,
  "Romania": 1521.3299343729973,
  "Russia": 1641.3388248995188,
  "Rwanda": 1451.7330366445153,
  "Ryūkyū": 1486.587399716153,
  "Réunion": 1520.8778299792632,
  "Saare County": 1489.498250237593,
  "Saint Barthélemy": 1491.8782122497803,
  "Saint Helena": 1440.0598147060978,
  "Saint Kitts and Nevis": 1437.8381820496695,
  "Saint Lucia": 1433.287693730656,
  "Saint Martin": 1473.3266825617914,
  "Saint Vincent and the Grenadines": 1458.4337705695214,
  "Samoa": 1452.4869170688676,
  "San Marino": 1107.1553168821708,
  "Saudi Arabia": 1577.44457870978,
  "Scotland": 1574.9640488457976,
  "Senegal": 1764.6987215632435,
  "Serbia": 1617.0219661132255,
  "Seychelles": 1247.751481223125,
  "Shetland": 1504.2302191909287,
  "Sierra Leone": 1479.6225640164228,