{
  "Abkhazia": 0.854208120336213,
  "Afghanistan": -1.0405767720795487,
  "Albania": 0.5560550084912963,
  "Alderney": -0.9063717725004122,
  "Algeria": 0.9222540383611327,
  "American Samoa": -3.0638777531966017,
  "Andorra": -0.5574997506984345,
  "Angola": 0.36622874675178185,
  "Anguilla": -2.4154558969156197,
  "Antigua and Barbuda": -1.5291941420129733,
  "Argentina": 1.8621344997287377,
  "Armenia": -0.8477050095383099,
  "Artsakh": 0.7480087461352043,
  "Aruba": -0.16274946921847722,
  "Australia": 1.3339283989172086,
  "Austria": 1.1919793292615004,
  "Aymara": -0.2602660497397339,
  "Azerbaijan": -0.210761627908785,
  "Bahamas": -2.139453025418885,
  "Bahrain": 0.5267369298301215,
  "Bangladesh": -0.7276975953973185,
  "Barawa": 0.2159551142223603,
  "Barbados": -1.0726134999344454,
  "Basque Country": 0.947613810069638,
  "Belarus": 0.122705972499729,
  "Belgium": 1.4504306494472639,
  "Belize": -0.9769082901060854,
  "Benin": 0.06683934373542644,
  "Bermuda": -0.6341495176835285,
  "Bhutan": -1.926830504206208,
  "Biafra": -0.07231705010456607,
  "Bolivia": 0.5227460508458261,
  "Bonaire": -1.23032034295598,
  "Bosnia and Herzegovina": 0.17577292963119645,
  "Botswana": -0.18794593453207806,
  "Brazil": 1.911878426496926,
  "British Virgin Islands": -1.351977866838668,
  "Brunei": -2.0446696951915095,
  "Bulgaria": 0.17985766938763875,
  "Burkina Faso": 0.7139401025931807,
  "Burundi": -0.6439150007237515,
  "Cambodia": -0.746251836624791,
  "Cameroon": 0.6612106918306464,
  "Canada": 0.88687007686396,
  "Cape Verde": 0.5084312226326582,
  "Cascadia": 0.16349957805432655,
  "Catalonia": 0.4834691606005535,
  "Cayman Islands": -1.6502720754975075,
  "Central African Republic": -0.7011002487977924,
  "Chad": -0.5569707917329313,
  "Chagos Islands": -1.7988734108961393,
  "Chameria": 0.3312938977081431,
  "Chile": 1.232051131587677,
  "China PR": 0.38584370632902487,
  "Colombia": 1.6196708779822842,
  "Comoros": 0.38601035461658706,
  "Congo": -0.7100373098664992,
  "Cook Islands": -1.1684343185173243,
  "Corsica": 0.3240959951615461,
  "Costa Rica": 0.8167557755807764,
  "County of Nice": 0.1594067376095823,
  "Croatia": 0.9791780949202713,
  "Cuba": -0.23692275384540007,
  "Curacao": 0.046018843890346106,
  "Cyprus": -0.20610333357073224,
  "Czech Republic": 0.6787332575285804,
  "DR Congo": 0.8507001163279272,
  "Denmark": 1.031095588023405,
  "Djibouti": -0.9380428216089218,
  "Dominica": -1.545484811306129,
  "Dominican Republic": -0.026418607967961583,
  "Donetsk PR": 0.087164595832635,
  "Délvidék": 0.2619267165054448,
  "East Turkestan": -1.21043173834815,
  "Ecuador": 1.7391437189535814,
  "Egypt": 1.1221274948180486,
  "El Salvador": -0.25730796211146884,
  "Elba Island": 0.35590237948720205,
  "Ellan Vannin": 0.34865846014177937,
  "England": 1.2037822174876252,
  "Equatorial Guinea": -0.37525084842126155,
  "Eritrea": -0.2971071780147502,
  "Estonia": -0.48688621617992783,
  "Eswatini": -0.4279408324508732,
  "Ethiopia": -0.29589093085431795,
  "Falkland Islands": -0.42704226286702274,
  "Faroe Islands": 0.0625644858039518,
  "Felvidék": -0.44409634915053,
  "Fiji": -0.5430185717487175,
  "Finland": 0.3617102760282518,
  "France": 1.3780265665707798,
  "Franconia": -0.7521551347087654,
  "French Guiana": -0.27235767268669575,
  "Frøya": -1.2804703620104851,
  "Gabon": -0.00769058409169493,
  "Galicia": 0.03947440382699677,
  "Gambia": 0.036058392415718066,
  "Georgia": 0.6547084774219536,
  "Germany": 1.6871713674994497,
  "Ghana": 0.44903025921247885,
  "Gibraltar": -1.2262714196113471,
  "Gotland": 0.8616150336507219,
  "Gozo": 0.2948286133444613,
  "Greece": 1.1975057642873241,
  "Greenland": -0.48820944744693273,
  "Grenada": -1.1837932791194132,
  "Guadeloupe": -0.2970784598197672,
  "Guam": -2.0156438215368984,
  "Guatemala": 0.283022451107615,
  "Guernsey": 0.7834912641606608,
  "Guinea": 0.3294629796212467,
  "Guinea-Bissau": -0.32900417496003914,
  "Guyana": -0.0512135238682091,
  "Haiti": 0.10961245335725095,
  "Hitra": -0.5256390694708752,
  "Hmong": -0.17498930594141804,
  "Honduras": 0.5329975021251406,
  "Hong Kong": -0.6263432830042991,
  "Hungary": 0.4437274817255604,
  "Iceland": 0.8579025221890311,
  "India": -0.4679531413405052,
  "Indonesia": -0.20536213825518762,
  "Iran": 1.0096373240554823,
  "Iraq": 0.7623001908104621,
  "Iraqi Kurdistan": 0.3365401892759295,
  "Isle of Man": 0.8574252307032288,
  "Isle of Wight": 0.6448817971257754,
  "Israel": 0.5750111458831612,
  "Italy": 0.9219802138818954,
  "Ivory Coast": 0.8165922680396848,
  "Jamaica": 0.4180110705039122,
  "Japan": 1.7503291382082495,
  "Jersey": 0.5559137634037181,
  "Jordan": 0.8154655298978036,
  "Kabylia": -0.6403689482722834,
  "Kazakhstan": -0.3480326157477573,
  "Kenya": -0.13639978825767998,
  "Kernow": 0.5428503787050571,
  "Kosovo": 0.5583630860594777,
  "Kuwait": 0.06548419486866525,
  "Kyrgyzstan": 0.3411315105888662,
  "Kárpátalja": 1.2240466143038806,
  "Laos": -1.7035669724554918,
  "Latvia": -0.050103929899938504,
  "Lebanon": -0.057187863284313495,
  "Lesotho": -0.6979788605967205,
  "Liberia": -0.28180628670782853,
  "Libya": 0.1790953205962006,
  "Liechtenstein": -1.6320620498248128,
  "Lithuania": -0.2964272042283646,
  "Luhansk PR": -0.04899343281814025,
  "Luxembourg": -0.18980104482238894,
  "Macau": -2.128026760454977,
  "Madagascar": -0.015273253875739523,
  "Malawi": 0.12079517699429243,
  "Malaysia": -0.18020448568283132,
  "Maldives": -1.3531409588484522,
  "Mali": 1.1135299891251829,
  "Malta": -0.22176483639242706,
  "Mapuche": 0.28846153846153844,
  "Marshall Islands": -0.6059787848930291,
  "Martinique": -0.08556136340909881,
  "Matabeleland": -0.7286590076690003,
  "Maule Sur": -0.02819548872180451,
  "Mauritania": 0.041885412522218224,
  "Mauritius": -0.6324289823937934,
  "Mayotte": -0.05123448581883374,
  "Menorca": -0.04207134114834837,
  "Mexico": 1.2579585347322761,
  "Moldova": -0.8024490015698352,
  "Monaco": 0.0,
  "Mongolia": -1.9081030651647573,
  "Montenegro": 0.08324671123531363,
  "Montserrat": -0.8094392526025893,
  "Morocco": 1.4646396607502732,
  "Mozambique": -0.060334501146352415,
  "Myanmar": -1.3521530625928506,
  "Namibia": -0.6425961280024659,
  "Nepal": -0.8739706917557805,
  "Netherlands": 1.5545059495403943,
  "New Caledonia": 0.4460639837479195,
  "New Zealand": 1.6431279734196036,
  "Nicaragua": 0.03740653709918934,
  "Niger": 0.4499506033233891,
  "Nigeria": 1.3886459216107305,
  "North Korea": 0.3432887451847689,
  "North Macedonia": 0.05251193084535877,
  "Northern Cyprus": 1.0677592100292568,
  "Northern Ireland": 0.2853234734866011,
  "Northern Mariana Islands": -1.1174550650951307,
  "Norway": 1.554940949177624,
  "Oman": 0.28471225992921906,
  "Orkney": 0.262991380810795,
  "Padania": 0.8245455412815502,
  "Pakistan": -1.2664702015168627,
  "Palestine": 0.6543074169377616,
  "Panama": 0.5079744988191148,
  "Panjab": 0.24728040640555732,
  "Papua New Guinea": -0.22834609499811914,
  "Paraguay": 1.1931069060171335,
  "Parishes of Jersey": 0.7353799997553451,
  "Peru": 0.7853887353317994,
  "Philippines": -0.17720959239527756,
  "Poland": 0.395004468001989,
  "Portugal": 1.9985236309237437,
  "Puerto Rico": 0.03994470146644519,
  "Qatar": 0.009983280876629808,
  "Raetia": -0.17737650935231003,
  "Republic of Ireland": 0.2524438580456154,
  "Romani people": -0.49429379699395787,
  "Romania": 0.3085585299471917,
  "Russia": 0.8815879623507478,
  "Rwanda": 0.15803337586855287,
  "Ryūkyū": 0.04425803244905842,
  "Réunion": 0.2409856632015027,
  "Saare County": 0.22435651362072853,
  "Saint Barthélemy": 0.5858746553129752,
  "Saint Helena": -1.6629603978737855,
  "Saint Kitts and Nevis": -1.028861146007316,
  "Saint Lucia": -1.334596819554567,
  "Saint Martin": -0.9578320818869362,
  "Saint Vincent and the Grenadines": -0.41607715504916887,
  "Samoa": -1.539599276037858,
  "San Marino": -1.673566511807379,
  "Saudi Arabia": 0.4643497674391868,
  "Scotland": 1.1738988331122975,